neighbourhood_cleansed,latitude,longitude
Acton,34.504545,-118.203280
Adams-Normandie,34.030611,-118.300399
Agoura Hills,34.152805,-118.764042
Agua Dulce,34.513060,-118.325330
Alhambra,34.085660,-118.132540
Alondra Park,33.892660,-118.332060
Altadena,34.184340,-118.137319
Angeles Crest,34.280886,-118.034820
Arcadia,34.125483,-118.045060
Arleta,34.242557,-118.435950
Arlington Heights,34.044932,-118.321118
Artesia,33.864480,-118.073670
Athens,33.921943,-118.299030
Atwater Village,34.117405,-118.261455
Avalon,33.343160,-118.328250
Avocado Heights,34.042660,-117.998070
Azusa,34.127545,-117.904610
Baldwin Hills/Crenshaw,34.016465,-118.357481
Baldwin Park,34.081382,-117.963570
Bel-Air,34.090900,-118.460250
Bell,33.973166,-118.184990
Bell Gardens,33.965870,-118.160808
Bellflower,33.885478,-118.131675
Beverly Crest,34.105445,-118.424903
Beverly Grove,34.075769,-118.371920
Beverly Hills,34.065958,-118.389940
Beverlywood,34.046675,-118.394477
Boyle Heights,34.044415,-118.206104
Brentwood,34.053640,-118.469035
Broadway-Manchester,33.933507,-118.274784
Burbank,34.173640,-118.336800
Calabasas,34.145830,-118.642990
Canoga Park,34.204840,-118.602058
Carson,33.834140,-118.266910
Carthay,34.060380,-118.371787
Castaic,34.470768,-118.629455
Castaic Canyons,34.452990,-118.469831
Central-Alameda,34.013930,-118.245990
Century City,34.052515,-118.418981
Cerritos,33.867430,-118.074600
Charter Oak,34.102690,-117.843761
Chatsworth,34.256410,-118.583140
Chatsworth Reservoir,34.236392,-118.626420
Chesterfield Square,33.982040,-118.313125
Cheviot Hills,34.035940,-118.402970
Chinatown,34.064010,-118.241048
Citrus,34.120830,-117.896840
Claremont,34.104580,-117.718916
Commerce,34.006285,-118.162305
Compton,33.899232,-118.241932
Covina,34.092950,-117.880131
Cudahy,33.968810,-118.187250
Culver City,34.012495,-118.395825
Cypress Park,34.090310,-118.224250
Del Aire,33.920200,-118.369160
Del Rey,33.990675,-118.425020
Desert View Highlands,34.588605,-118.159005
Diamond Bar,33.998317,-117.815850
Downey,33.933444,-118.135710
Downtown,34.044933,-118.256675
Duarte,34.137888,-117.976489
Eagle Rock,34.134411,-118.211670
East Compton,33.898500,-118.188990
East Hollywood,34.092780,-118.299070
East Los Angeles,34.047480,-118.178951
East Pasadena,34.143154,-118.077760
East San Gabriel,34.122430,-118.076820
East Whittier,33.921674,-117.988775
Echo Park,34.082316,-118.254506
El Monte,34.076894,-118.022980
El Segundo,33.922830,-118.411040
El Sereno,34.081640,-118.176280
Elizabeth Lake,34.657880,-118.392480
Elysian Park,34.069015,-118.236875
Elysian Valley,34.099363,-118.243664
Encino,34.163450,-118.512530
Exposition Park,34.023450,-118.306040
Fairfax,34.083345,-118.352940
Florence,33.970670,-118.270060
Florence-Firestone,33.978997,-118.249020
Gardena,33.897710,-118.311186
Glassell Park,34.117610,-118.233570
Glendale,34.147715,-118.255560
Glendora,34.133336,-117.856227
Gramercy Park,33.949758,-118.307860
Granada Hills,34.271595,-118.505815
Green Meadows,33.943517,-118.260577
Green Valley,34.619750,-118.404533
Griffith Park,34.160886,-118.307326
Hacienda Heights,33.996285,-117.962955
Hancock Park,34.079525,-118.340295
Harbor City,33.791900,-118.302252
Harbor Gateway,33.839500,-118.303740
Harvard Heights,34.044813,-118.305147
Harvard Park,33.987440,-118.304431
Hasley Canyon,34.466730,-118.658510
Hawaiian Gardens,33.827610,-118.073855
Hawthorne,33.917020,-118.350340
Hermosa Beach,33.862630,-118.399425
Hidden Hills,34.171778,-118.658856
Highland Park,34.117740,-118.194311
Historic South-Central,34.021885,-118.262558
Hollywood,34.098101,-118.336620
Hollywood Hills,34.114232,-118.332325
Hollywood Hills West,34.103590,-118.373600
Huntington Park,33.983224,-118.226459
Hyde Park,33.987305,-118.328225
Industry,34.011360,-117.884755
Inglewood,33.956986,-118.347020
Irwindale,34.121750,-117.974220
Jefferson Park,34.030184,-118.322810
Koreatown,34.060285,-118.303510
La Canada Flintridge,34.206887,-118.200171
La Crescenta-Montrose,34.227666,-118.241283
La Habra Heights,33.958490,-117.965870
La Mirada,33.903060,-118.017640
La Puente,34.035624,-117.949260
La Verne,34.105030,-117.771580
Ladera Heights,33.984474,-118.374444
Lake Balboa,34.201960,-118.509387
Lake Hughes,34.674940,-118.442840
Lake Los Angeles,34.623906,-117.830737
Lake View Terrace,34.285312,-118.393665
Lakewood,33.843162,-118.112040
Lancaster,34.681580,-118.178250
Larchmont,34.081350,-118.315010
Lawndale,33.886536,-118.354600
Leimert Park,34.013890,-118.322204
Lennox,33.938119,-118.354885
Leona Valley,34.618044,-118.299760
Lincoln Heights,34.076426,-118.208510
Lomita,33.790790,-118.318870
Long Beach,33.772072,-118.172370
Lopez/Kagel Canyons,34.295957,-118.378994
Los Feliz,34.105285,-118.282070
Lynwood,33.919420,-118.210360
Malibu,34.037423,-118.725015
Manchester Square,33.968895,-118.312101
Manhattan Beach,33.895232,-118.414977
Mar Vista,34.007465,-118.433745
Marina del Rey,33.979470,-118.454050
Mayflower Village,34.115501,-118.008358
Maywood,33.987530,-118.179450
Mid-City,34.040340,-118.359910
Mid-Wilshire,34.055800,-118.347299
Mission Hills,34.263475,-118.461429
Monrovia,34.145845,-118.002917
Montebello,34.014668,-118.112398
Montecito Heights,34.088960,-118.190060
Monterey Park,34.058160,-118.129100
Mount Washington,34.103875,-118.217420
North El Monte,34.105032,-118.023167
North Hills,34.240513,-118.483329
North Hollywood,34.176810,-118.374130
North Whittier,34.011180,-118.045430
Northeast Antelope Valley,34.674915,-117.876812
Northridge,34.232280,-118.522420
Northwest Antelope Valley,34.791820,-118.274254
Northwest Palmdale,34.624940,-118.167497
Norwalk,33.899579,-118.082810
Pacific Palisades,34.042200,-118.529200
Pacoima,34.272620,-118.410433
Palmdale,34.585110,-118.141494
Palms,34.026490,-118.406400
Palos Verdes Estates,33.781878,-118.403309
Panorama City,34.226856,-118.445990
Paramount,33.895865,-118.170311
Pasadena,34.149260,-118.134540
Pico Rivera,33.977811,-118.093294
Pico-Robertson,34.055311,-118.382670
Pico-Union,34.046172,-118.286181
Playa Vista,33.977166,-118.413583
Playa del Rey,33.958280,-118.444920
Pomona,34.059160,-117.754380
Porter Ranch,34.271150,-118.537328
Quartz Hill,34.653612,-118.216645
Rancho Palos Verdes,33.750785,-118.383665
Rancho Park,34.033927,-118.427100
Redondo Beach,33.844555,-118.384040
Reseda,34.198710,-118.542904
Ridge Route,34.729707,-118.628310
Rolling Hills,33.775290,-118.357500
Rolling Hills Estates,33.772157,-118.351332
Rosemead,34.074436,-118.080775
Rowland Heights,33.979170,-117.899870
San Dimas,34.103278,-117.822370
San Fernando,34.289001,-118.438196
San Gabriel,34.082752,-118.097775
San Marino,34.113304,-118.125172
San Pasqual,34.139515,-118.105632
San Pedro,33.727330,-118.298191
Santa Clarita,34.424795,-118.530460
Santa Fe Springs,33.957450,-118.080790
Santa Monica,34.017315,-118.488068
Sawtelle,34.040035,-118.455820
Sepulveda Basin,34.174921,-118.505150
Shadow Hills,34.236955,-118.345280
Sherman Oaks,34.157535,-118.444460
Sierra Madre,34.166348,-118.052966
Signal Hill,33.794390,-118.165132
Silver Lake,34.090763,-118.273415
South El Monte,34.057200,-118.049370
South Gate,33.942800,-118.205302
South Park,33.998315,-118.267101
South Pasadena,34.111515,-118.155994
South San Gabriel,34.048745,-118.095362
South San Jose Hills,34.010683,-117.893351
South Whittier,33.933743,-118.027063
Southeast Antelope Valley,34.493010,-117.955880
Stevenson Ranch,34.388860,-118.589299
Studio City,34.142730,-118.381410
Sun Valley,34.211935,-118.386648
Sun Village,34.548220,-117.941370
Sunland,34.267236,-118.312600
Sylmar,34.305940,-118.435839
Tarzana,34.173890,-118.546780
Temple City,34.105919,-118.064986
Toluca Lake,34.155825,-118.362060
Topanga,34.097410,-118.600600
Torrance,33.831946,-118.339685
Tujunga,34.252988,-118.292170
Tujunga Canyons,34.437411,-118.266549
Unincorporated Catalina Island,33.356880,-118.332250
Unincorporated Santa Monica Mountains,34.074820,-118.744120
Unincorporated Santa Susana Mountains,34.413068,-118.597704
Universal City,34.137166,-118.351866
University Park,34.033855,-118.284175
Val Verde,34.446750,-118.652476
Valinda,34.038255,-117.931974
Valley Glen,34.180870,-118.411678
Valley Village,34.165766,-118.396791
Van Nuys,34.192432,-118.455690
Venice,33.990520,-118.465721
Vermont Knolls,33.966724,-118.292927
Vermont Square,34.005241,-118.296865
Vermont Vista,33.945384,-118.286851
Vermont-Slauson,33.985640,-118.290482
Vernon,34.009960,-118.236231
Veterans Administration,34.057584,-118.453480
View Park-Windsor Hills,33.996050,-118.342652
Vincent,34.093864,-117.925620
Walnut,34.024500,-117.862659
Walnut Park,33.965325,-118.220851
Watts,33.936970,-118.232395
West Adams,34.029460,-118.353880
West Carson,33.823173,-118.294442
West Compton,33.890264,-118.268957
West Covina,34.059175,-117.905013
West Hills,34.203078,-118.629430
West Hollywood,34.090911,-118.356105
West Los Angeles,34.049237,-118.431608
West Puente Valley,34.055447,-117.970790
West Whittier-Los Nietos,33.981785,-118.066493
Westchester,33.961348,-118.389428
Westlake,34.059270,-118.269630
Westlake Village,34.144435,-118.810290
Westmont,33.940260,-118.305340
Westwood,34.059880,-118.438885
Whittier,33.976336,-118.035580
Willowbrook,33.917896,-118.261753
Wilmington,33.776190,-118.270184
Windsor Square,34.071810,-118.318020
Winnetka,34.206840,-118.573626
Woodland Hills,34.169153,-118.605806
