neighbourhood_cleansed,avg_price,median_price,num_listings
Beverly Crest,1194.744625,1079.47,160
Unincorporated Catalina Island,1148.625,1317.75,8
Malibu,1039.390298013245,858.3,302
Hollywood Hills West,987.6466972477064,853.33,545
Bel-Air,985.0020370370371,841.815,54
Avalon,914.9652895752896,848.0,259
Unincorporated Santa Monica Mountains,833.3408074534161,616.33,161
Palos Verdes Estates,795.4438888888889,374.575,18
Manhattan Beach,735.5530487804878,580.25,410
Cheviot Hills,669.0038461538461,550.09,13
Pacific Palisades,625.0972043010753,413.11,93
Veterans Administration,624.22,548.25,51
Hidden Hills,582.0533333333334,662.33,3
Fairfax,567.7816203703704,259.88,216
Tarzana,555.6455428571429,325.81,175
Rancho Palos Verdes,555.5225581395349,287.655,86
Beverlywood,553.0304166666666,257.19,24
Universal City,546.965,430.66999999999996,38
Beverly Grove,540.8022377622377,284.3,429
Encino,533.4537073170732,273.63,205
Hermosa Beach,532.6305426356589,419.635,258
Westlake Village,520.6859999999999,480.85,10
Marina del Rey,519.8285760517799,436.0,309
Lopez/Kagel Canyons,518.7185714285714,463.42,7
Ladera Heights,510.58660714285713,406.565,56
Beverly Hills,503.36657894736845,339.06,608
Topanga,500.6426182965299,355.35,317
La Canada Flintridge,492.1853333333333,351.99,30
Sherman Oaks,478.3649315068493,251.75,438
Hollywood Hills,473.4387130434783,293.48,575
Venice,472.1486984640258,318.95,1237
Studio City,460.5342056074767,268.5,321
Angeles Crest,459.95666666666665,444.41999999999996,6
Sierra Madre,450.86607142857144,336.08500000000004,28
Sepulveda Basin,440.2083333333333,471.845,6
San Marino,438.78875,401.95,8
Unincorporated Santa Susana Mountains,438.37840909090914,300.5,44
Agoura Hills,435.6764,363.13,50
Commerce,427.910625,341.0,16
Stevenson Ranch,423.64631578947365,466.0,19
Century City,419.9640625,230.855,32
Playa del Rey,418.59349397590364,313.05,83
Val Verde,414.67,414.67,1
Windsor Square,407.2458823529412,155.03,17
Granada Hills,405.01637931034486,343.635,58
Castaic,404.93882352941176,152.33,17
West Hollywood,403.76289007092197,319.265,1128
View Park-Windsor Hills,402.67812154696134,265.12,181
Valley Village,400.4876119402985,245.8,134
Acton,397.670625,234.0,16
Santa Monica,390.70479611650484,328.83000000000004,1030
Rolling Hills Estates,387.92055555555555,287.58,18
Los Feliz,385.60696078431374,239.655,204
Agua Dulce,381.1417391304348,180.0,23
Tujunga Canyons,380.862,281.67,15
Chatsworth,374.7079545454546,236.405,88
Castaic Canyons,370.9327906976744,372.44,43
Vernon,366.3280571428572,330.0,175
Leona Valley,363.898,223.92,5
La Crescenta-Montrose,363.16346153846155,317.0,26
Culver City,361.9893046357616,299.03,604
La Habra Heights,356.71799999999996,97.55000000000001,10
Woodland Hills,355.71898901098905,211.3,455
Southeast Antelope Valley,352.81685714285715,241.9,35
Redondo Beach,351.49828042328045,255.58999999999997,378
Northwest Antelope Valley,350.8014285714286,331.0,7
Altadena,349.4611702127659,260.855,94
Brentwood,348.0596153846154,164.54,156
Playa Vista,347.19239130434784,309.825,46
Calabasas,345.30514285714287,256.0,105
Hancock Park,345.117794117647,243.32999999999998,68
Ridge Route,344.9811111111111,191.0,9
Toluca Lake,342.1033783783784,268.34000000000003,74
Carthay,336.0978947368421,238.0,95
East Whittier,333.0,387.75,4
Alondra Park,332.9888888888889,303.5,18
Del Aire,330.85985074626865,237.0,67
Gramercy Park,329.41818181818184,159.0,44
Citrus,324.67,367.01,3
Valley Glen,324.57454054054057,225.5,185
South Pasadena,324.09166666666664,248.035,90
Westchester,322.9755,198.07999999999998,220
North Whittier,321.504,153.0,5
West Hills,319.82062893081763,240.5,159
Compton,319.57758064516133,226.12,62
Westmont,319.3729213483146,309.0,89
Northridge,319.10438848920865,165.03,139
Mar Vista,317.3320512820513,193.065,234
Chatsworth Reservoir,317.05,262.0,4
Broadway-Manchester,316.0983333333333,303.205,12
Burbank,314.6357962962963,243.04000000000002,540
Pasadena,309.3800143884892,242.1,695
Mount Washington,308.29021276595745,243.95999999999998,94
East Pasadena,306.62561643835613,256.0,73
San Pasqual,305.8565,332.0,20
San Fernando,305.7845,269.0,40
Mayflower Village,302.45923076923077,273.40999999999997,52
Santa Fe Springs,301.85615384615386,183.0,13
Porter Ranch,301.19214285714287,182.15,28
Glendale,300.3056487341772,255.865,632
Rolling Hills,298.834,217.5,5
Avocado Heights,298.1044,252.0,25
Silver Lake,297.21569518716575,199.39999999999998,374
Lake Hughes,293.22749999999996,264.0,8
Torrance,293.20493548387094,211.0,310
Long Beach,292.672211362248,223.0,1637
Santa Clarita,292.51440559440556,212.615,286
Del Rey,291.91942307692307,198.61,208
Glendora,290.20336134453777,265.5,119
Larchmont,289.0729230769231,209.93,65
El Segundo,285.51730434782604,279.77,115
Hawthorne,283.1870588235294,228.24,255
Baldwin Hills/Crenshaw,281.62538461538463,158.92000000000002,104
Bellflower,281.61310344827587,253.5,58
Chinatown,277.32685714285714,277.3,35
Atwater Village,277.01410256410253,215.72500000000002,78
Lawndale,276.3757731958763,243.33,97
North El Monte,275.861,286.0,20
Montebello,274.0695238095238,226.75,42
Downtown,272.1274893162393,220.78,936
Lennox,271.75575757575757,250.49,66
Valinda,270.11105263157896,217.5,38
Desert View Highlands,269.84,304.91499999999996,6
Manchester Square,269.46610169491527,183.55,59
Eagle Rock,269.2602962962963,173.75,135
Pico Rivera,268.925,254.175,50
Whittier,268.14363636363635,217.0,110
Inglewood,266.53346578366444,171.18,453
Claremont,266.42673469387756,217.58,49
Monterey Park,266.0150530035335,204.02,283
San Pedro,263.68180555555557,170.275,144
Athens,263.386,205.67,15
Sunland,262.5416666666667,156.12,6
East Los Angeles,261.27595988538684,239.5,349
Monrovia,261.2003260869565,238.24,184
Pico-Robertson,260.86978448275863,204.785,232
Signal Hill,259.5545454545454,248.0,33
West Adams,258.61692307692306,186.04,117
San Gabriel,256.6559223300971,196.345,206
Paramount,256.6536363636364,197.93,22
Alhambra,255.27830845771146,231.0,603
Walnut Park,253.3,253.3,2
South Gate,251.78466666666665,240.0,45
Glassell Park,251.26174418604649,159.45999999999998,86
Huntington Park,250.9584210526316,209.0,19
Rancho Park,249.86975609756098,142.19,41
Harvard Heights,248.27526315789476,117.6,57
Downey,248.15055555555557,205.5,144
South Whittier,247.95837209302323,211.0,43
Florence-Firestone,247.90809523809523,217.0,21
West Covina,245.83067567567568,194.70999999999998,222
Hacienda Heights,245.80428057553956,134.325,278
Tujunga,245.6764705882353,157.53,34
Hollywood,245.65441400304417,176.54500000000002,1314
San Dimas,245.1914,172.0,50
Highland Park,242.96908108108107,179.0,185
Green Valley,242.75,228.5,4
Van Nuys,242.64359116022098,184.73,181
El Sereno,242.61764705882354,143.63,85
Echo Park,240.9913028169014,175.975,284
North Hollywood,240.80807792207793,153.39,385
Charter Oak,240.71714285714285,161.73000000000002,14
Diamond Bar,239.359756097561,246.33,82
Covina,238.64510869565217,147.25,92
Azusa,237.98357894736841,225.33,95
Elysian Valley,236.835,179.87,26
Hyde Park,236.16364705882353,149.765,170
West Carson,235.03681818181815,169.625,44
Lynwood,234.85605263157896,222.08499999999998,38
Northwest Palmdale,234.53217391304347,200.67,23
West Los Angeles,234.39268292682928,127.965,164
Arcadia,232.58099447513814,183.0,181
Willowbrook,232.2837142857143,142.0,35
Leimert Park,230.66804347826087,161.925,46
Elysian Park,230.42928571428573,148.365,14
North Hills,229.81350649350648,160.26,77
Westlake,229.79539518900347,161.34,291
Lake Balboa,227.26912621359224,165.93,103
Mid-Wilshire,227.23203125,156.04500000000002,384
Montecito Heights,226.3608695652174,142.7,69
Lomita,225.38310344827585,184.53,29
Winnetka,224.98008403361345,137.13,119
East Hollywood,222.23638795986625,132.33,299
South San Jose Hills,221.64294117647057,224.0,17
Duarte,220.32478260869567,191.66500000000002,46
Bell Gardens,219.46894736842106,149.0,19
Lake View Terrace,219.4333333333333,263.45,6
Mid-City,218.9819140625,136.275,512
Rowland Heights,218.43621026894866,120.42,409
Westwood,218.1992056074766,85.605,428
La Puente,217.51210526315788,173.75,38
West Compton,217.26625,165.60500000000002,8
Sawtelle,217.2502,141.72,250
Carson,216.0055140186916,155.0,107
Vermont Square,215.40515625,124.74,128
West Whittier-Los Nietos,214.57227272727275,201.14,22
Gardena,213.72068376068376,171.0,117
El Monte,212.80775510204083,140.685,294
Shadow Hills,212.80310344827586,136.43,29
Lakewood,209.91666666666666,171.75,63
Rosemead,209.17966666666663,152.0,90
Norwalk,208.5384705882353,150.0,85
Sylmar,208.13244897959183,140.15,49
South El Monte,206.7337777777778,176.88,45
Sun Valley,206.16602040816326,123.0,98
Pomona,206.07931034482758,188.0,145
South San Gabriel,205.2167857142857,169.055,56
Pacoima,204.705,158.32999999999998,18
Jefferson Park,202.560202020202,150.47,99
Lincoln Heights,200.8172727272727,108.27000000000001,44
Griffith Park,200.7,200.7,1
Pico-Union,200.58164179104477,89.225,134
Northeast Antelope Valley,198.495,153.16500000000002,12
East San Gabriel,197.301796875,162.56,128
Temple City,195.83024,159.0,125
Green Meadows,194.84125,242.0,8
Baldwin Park,193.1317518248175,149.0,137
La Mirada,191.68344827586205,124.67,29
Reseda,190.21452380952383,147.5,168
Mission Hills,189.01,139.64,18
Elizabeth Lake,188.91500000000002,188.91500000000002,2
Walnut,188.02863636363637,116.5,66
Vermont Knolls,185.1975,144.235,20
Quartz Hill,183.95911764705883,167.145,34
Harbor Gateway,178.50593220338985,114.28,59
Lake Los Angeles,178.3975,179.79500000000002,4
Irwindale,177.47285714285712,154.5,7
Harvard Park,174.753,131.77,10
East Compton,173.78571428571428,139.57,7
Vermont-Slauson,170.84066666666666,115.26,15
Palmdale,170.43833333333333,93.65,204
Industry,170.408,147.53,10
Bell,169.33157894736843,188.0,19
Koreatown,167.9719458128079,128.53,406
Panorama City,167.4971111111111,126.0,45
Palms,164.234,118.8,185
Chesterfield Square,163.29785714285714,109.865,14
Vincent,162.3981818181818,115.07,11
Vermont Vista,161.7994117647059,89.8,34
Canoga Park,160.60708860759493,118.0,79
Central-Alameda,160.06529411764706,73.07,17
Arlington Heights,158.8708080808081,58.87,99
West Puente Valley,158.7325,178.0,12
Florence,156.5925,170.36,8
Hasley Canyon,155.2175,132.15,4
Wilmington,152.11066666666665,85.88,15
Lancaster,151.02490666666665,86.0,375
Cerritos,146.83882352941174,85.0,17
Boyle Heights,144.24464285714285,93.66999999999999,112
La Verne,144.1457142857143,107.49000000000001,42
Historic South-Central,131.17775,75.83,40
Artesia,126.90142857142858,116.29,7
Watts,120.1675,117.125,4
Cypress Park,116.382,84.29,15
Arleta,115.66625,103.50999999999999,8
Maywood,109.98,94.38,11
Harbor City,106.51295081967213,66.02,61
University Park,90.16795454545455,61.565,44
Adams-Normandie,89.14722222222223,55.12,90
Hawaiian Gardens,86.4125,90.275,4
Cudahy,75.0,75.0,1
Exposition Park,70.05550295857988,48.56,845
South Park,61.14833333333334,45.685,18
Sun Village,58.166666666666664,59.5,3
